language,structure,n,operation,count,mean_ns,median_ns,std_ns,ci95_half_width_ns
cpp,array,1000,delete,10,2408.5,2417.0,17.658803281460873,10.94503966796527
cpp,array,1000,insert,10,87.3,83.0,45.706916568745065,28.329440391382402
cpp,array,1000,search,10,2816.6,2792.0,44.90285811244833,27.83107979699434
cpp,array,1000,traverse,10,54.1,42.0,19.94687388484165,12.363200520541238
cpp,array,5000,delete,10,53412.2,52583.0,2653.637369515452,1644.7414816741125
cpp,array,5000,insert,10,2253.9,1874.5,701.9946897551608,435.10081649403713
cpp,array,5000,search,10,59054.2,58062.5,2231.051212122015,1382.819867729866
cpp,array,5000,traverse,10,216.7,208.0,32.90744596592084,20.39624632132099
cpp,array,10000,delete,10,188208.2,189708.0,3818.8494718814054,2366.9474250053704
cpp,array,10000,insert,10,2633.3,2583.0,149.35271451611897,92.5697715095664
cpp,array,10000,search,10,252121,254583.5,5465.638399227588,3387.637776853429
cpp,array,10000,traverse,10,408.5,417.0,26.52985739376172,16.443375971294135
cpp,array,25000,delete,10,1077471,1071625.5,14908.611292359416,9240.453013056593
cpp,array,25000,insert,10,6908.4,6562.5,1086.6423514662035,673.5079071963446
cpp,array,25000,search,10,1430195.5,1425270.5,8789.541566227697,5447.814303848634
cpp,array,25000,traverse,10,945.6,958.0,20.200110010701536,12.520157897477882
cpp,hash,1000,delete,10,208.3,208.0,39.245806570044316,24.324802924861146
cpp,hash,1000,insert,10,15250,15146.0,195.4106786573685,121.1167934406015
cpp,hash,1000,search,10,16.7,0.0,21.561539833694624,13.363980844044935
cpp,hash,1000,traverse,10,954.4,958.5,23.57116882973774,14.60956180041003
cpp,hash,5000,delete,10,987.6,979.5,39.33107338140333,24.377651842073167
cpp,hash,5000,insert,10,61758.3,60083.5,3617.6160366861614,2242.221649672386
cpp,hash,5000,search,10,154.3,166.5,28.300176677893727,17.540631231515015
cpp,hash,5000,traverse,10,7016.6,6979.5,227.64797385437015,141.09767601204493
cpp,hash,10000,delete,10,2096.1,2042.0,143.1552770013503,88.7285599417309
cpp,hash,10000,insert,10,125120.9,125083.5,4269.749496945537,2646.4181559463855
cpp,hash,10000,search,10,374.8,333.0,83.11143790785424,51.51300290649385
cpp,hash,10000,traverse,10,13741.5,13687.5,630.0157405441021,390.4878015679021
cpp,hash,25000,delete,10,4908.5,4895.5,38.572442667445024,23.907447654095854
cpp,hash,25000,insert,10,280316.6,277937.5,7522.04830555555,4662.213841811682
cpp,hash,25000,search,10,716.7,708.0,26.461922328760117,16.40126938176839
cpp,hash,25000,traverse,10,29433.3,29500.0,391.08681900570366,242.39812174189797
cpp,linked,1000,delete,10,5916.7,6084.0,285.4229026082759,176.90694784923892
cpp,linked,1000,insert,10,12191.5,12166.5,65.85379428872889,40.816604573247986
cpp,linked,1000,search,10,8383.3,8729.0,1035.6281024898208,641.8889480982413
cpp,linked,1000,traverse,10,900,895.5,29.082258814916315,18.025370762098376
cpp,linked,5000,delete,10,177774.9,179250.0,9107.496209777477,5644.8846336325105
cpp,linked,5000,insert,10,43583.4,42625.0,3076.6073017024596,1906.9009616997826
cpp,linked,5000,search,10,262141.6,262625.5,18106.65937775995,11222.62375231144
cpp,linked,5000,traverse,10,7279.2,7729.5,848.2800638154044,525.7694306924534
cpp,linked,10000,delete,10,697912.5,686125.5,64865.93982335157,40204.32603220537
cpp,linked,10000,insert,10,83654,82792.0,3816.0216339941144,2365.1947129241694
cpp,linked,10000,search,10,998066.8,956416.5,89819.72750744187,55670.84387688216
cpp,linked,10000,traverse,10,13012.3,12479.0,1361.3617406438632,843.7807486898214
cpp,linked,25000,delete,10,3750095.9,3742375.0,60677.298257896895,37608.179093022925
cpp,linked,25000,insert,10,219375,215208.5,15093.846045473118,9355.262702501612
cpp,linked,25000,search,10,5882529.3,5712146.0,381271.7499786588,236314.67893252004
cpp,linked,25000,traverse,10,30137.6,29729.0,1302.2492678268457,807.1424584534146
python,array,1000,delete,10,37691.4,37270.5,702.6665401644415,435.5172336919248
python,array,1000,insert,10,770.9,687.5,218.88680484061467,135.66744719840986
python,array,1000,search,10,28675,28458.0,490.6188835429073,304.0887344765595
python,array,1000,traverse,10,5074.8,5083.0,148.16642294693116,91.83450037733942
python,array,5000,delete,10,783441.7,781646.0,5429.669706549582,3365.3441501624893
python,array,5000,insert,10,6337.4,6104.0,665.8086478527863,412.67247535814914
python,array,5000,search,10,665133.3,657896.0,17734.671372139313,10992.063197746593
python,array,5000,traverse,10,18371,18354.5,215.60148422494683,133.63118438448413
python,array,10000,delete,10,2708054,2697416.5,35109.68297904282,21761.20696348333
python,array,10000,insert,10,11558.1,11437.0,1007.1899798724943,624.2628170876608
python,array,10000,search,10,2765645.9,2758750.0,19403.174479393256,12026.212137736764
python,array,10000,traverse,10,35329.1,35125.0,1133.2844548283347,702.4169823674697
python,array,25000,delete,10,16507312.8,16400834.0,330209.94629504695,204666.24512150852
python,array,25000,insert,10,31816.6,31208.5,3131.9629698392737,1941.2107602714798
python,array,25000,search,10,16482383.4,16388583.5,350063.87915579067,216971.84019850305
python,array,25000,traverse,10,88129.1,87833.5,1784.7834882696557,1106.2202668257348
python,hash,1000,delete,10,508.2,458.5,82.82887311935508,51.337867436122515
python,hash,1000,insert,10,24296,24083.5,1063.6557504924024,659.2606643067842
python,hash,1000,search,10,625,583.5,98.28869043113082,60.91996147952382
python,hash,1000,traverse,10,6850,6749.5,234.16565836081847,145.13737872175525
python,hash,5000,delete,10,1758.3,1750.0,75.3850117728982,46.724114373629384
python,hash,5000,insert,10,103575,101937.5,5133.746693313871,3181.9291663210292
python,hash,5000,search,10,2066.5,2020.5,128.92051814974994,79.90576499852811
python,hash,5000,traverse,10,23729.1,23791.5,181.3385109554933,112.39477353606004
python,hash,10000,delete,10,3658.3,3479.0,551.1739088325733,341.62112799871016
python,hash,10000,insert,10,206662.4,204562.5,6137.816897453578,3804.258326376202
python,hash,10000,search,10,3841.8,3834.0,125.29325600366526,77.65756462830906
python,hash,10000,traverse,10,43775,43750.0,343.77641312664576,213.07482837934867
python,hash,25000,delete,10,9162.5,9104.5,179.49079208818608,111.24954551717401
python,hash,25000,insert,10,657737.5,619979.5,68215.36090818059,42280.31872853152
python,hash,25000,search,10,9941.6,9604.5,785.1501201115052,486.64108620259793
python,hash,25000,traverse,10,109174.9,108667.0,2200.810479497648,1364.0764674616546
python,linked,1000,delete,10,173920.9,173874.5,1133.732424830088,702.6946370511478
python,linked,1000,insert,10,104737.5,103708.5,1871.7764734782481,1160.1390776741669
python,linked,1000,search,10,237037.4,237083.5,1659.0911300401126,1028.3153360750346
python,linked,1000,traverse,10,30454.2,30458.0,392.5635971123377,243.31343829536235
python,linked,5000,delete,10,3943108.5,3941604.5,240825.90358285795,149265.4414784274
python,linked,5000,insert,10,663512.5,660375.0,29758.588826495863,18444.564446256183
python,linked,5000,search,10,4986312.4,4988645.5,200777.4993143737,124443.18334627793
python,linked,5000,traverse,10,153850.2,154396.0,4169.079162916754,2584.0220364715674
python,linked,10000,delete,10,12959508.4,12969541.5,77840.99364759191,48246.34771038937
python,linked,10000,insert,10,1385591.7,1364895.5,100051.2763270803,62012.42353609005
python,linked,10000,search,10,21137458.4,20918666.5,533553.5259663791,330699.9015508398
python,linked,10000,traverse,10,303029.2,303312.5,11607.311257230169,7194.286052338542
python,linked,25000,delete,10,77179141.6,76787937.0,1223595.6024844882,758392.4116081252
python,linked,25000,insert,10,3856196,3375958.5,1055339.136396974,654105.9734861901
python,linked,25000,search,10,125406971,123330291.5,5081096.58401712,3149296.29049186
python,linked,25000,traverse,10,807037.6,740562.5,214222.86945619146,132776.71009818232
