language,structure,dataset,n,repeat,operation,time_ns,hits,checksum
cpp,array,dataset_10000.txt,10000,0,insert,3000,50,49509981
cpp,array,dataset_10000.txt,10000,0,search,254542,50,49509981
cpp,array,dataset_10000.txt,10000,0,delete,189750,50,49509981
cpp,array,dataset_10000.txt,10000,0,traverse,459,50,49509981
cpp,array,dataset_10000.txt,10000,1,insert,2667,50,49509981
cpp,array,dataset_10000.txt,10000,1,search,254917,50,49509981
cpp,array,dataset_10000.txt,10000,1,delete,189666,50,49509981
cpp,array,dataset_10000.txt,10000,1,traverse,417,50,49509981
cpp,array,dataset_10000.txt,10000,2,insert,2583,50,49509981
cpp,array,dataset_10000.txt,10000,2,search,255833,50,49509981
cpp,array,dataset_10000.txt,10000,2,delete,190125,50,49509981
cpp,array,dataset_10000.txt,10000,2,traverse,417,50,49509981
cpp,array,dataset_10000.txt,10000,3,insert,2583,50,49509981
cpp,array,dataset_10000.txt,10000,3,search,261167,50,49509981
cpp,array,dataset_10000.txt,10000,3,delete,189625,50,49509981
cpp,array,dataset_10000.txt,10000,3,traverse,417,50,49509981
cpp,array,dataset_10000.txt,10000,4,insert,2625,50,49509981
cpp,array,dataset_10000.txt,10000,4,search,249250,50,49509981
cpp,array,dataset_10000.txt,10000,4,delete,182709,50,49509981
cpp,array,dataset_10000.txt,10000,4,traverse,375,50,49509981
cpp,array,dataset_10000.txt,10000,5,insert,2500,50,49509981
cpp,array,dataset_10000.txt,10000,5,search,245166,50,49509981
cpp,array,dataset_10000.txt,10000,5,delete,182875,50,49509981
cpp,array,dataset_10000.txt,10000,5,traverse,375,50,49509981
cpp,array,dataset_10000.txt,10000,6,insert,2500,50,49509981
cpp,array,dataset_10000.txt,10000,6,search,245459,50,49509981
cpp,array,dataset_10000.txt,10000,6,delete,183125,50,49509981
cpp,array,dataset_10000.txt,10000,6,traverse,375,50,49509981
cpp,array,dataset_10000.txt,10000,7,insert,2542,50,49509981
cpp,array,dataset_10000.txt,10000,7,search,245417,50,49509981
cpp,array,dataset_10000.txt,10000,7,delete,193291,50,49509981
cpp,array,dataset_10000.txt,10000,7,traverse,417,50,49509981
cpp,array,dataset_10000.txt,10000,8,insert,2750,50,49509981
cpp,array,dataset_10000.txt,10000,8,search,254834,50,49509981
cpp,array,dataset_10000.txt,10000,8,delete,191000,50,49509981
cpp,array,dataset_10000.txt,10000,8,traverse,416,50,49509981
cpp,array,dataset_10000.txt,10000,9,insert,2583,50,49509981
cpp,array,dataset_10000.txt,10000,9,search,254625,50,49509981
cpp,array,dataset_10000.txt,10000,9,delete,189916,50,49509981
cpp,array,dataset_10000.txt,10000,9,traverse,417,50,49509981
cpp,array,dataset_1000.txt,1000,0,insert,208,5,494272
cpp,array,dataset_1000.txt,1000,0,search,2917,5,494272
cpp,array,dataset_1000.txt,1000,0,delete,2416,5,494272
cpp,array,dataset_1000.txt,1000,0,traverse,83,5,494272
cpp,array,dataset_1000.txt,1000,1,insert,83,5,494272
cpp,array,dataset_1000.txt,1000,1,search,2791,5,494272
cpp,array,dataset_1000.txt,1000,1,delete,2417,5,494272
cpp,array,dataset_1000.txt,1000,1,traverse,83,5,494272
cpp,array,dataset_1000.txt,1000,2,insert,83,5,494272
cpp,array,dataset_1000.txt,1000,2,search,2792,5,494272
cpp,array,dataset_1000.txt,1000,2,delete,2417,5,494272
cpp,array,dataset_1000.txt,1000,2,traverse,42,5,494272
cpp,array,dataset_1000.txt,1000,3,insert,83,5,494272
cpp,array,dataset_1000.txt,1000,3,search,2833,5,494272
cpp,array,dataset_1000.txt,1000,3,delete,2417,5,494272
cpp,array,dataset_1000.txt,1000,3,traverse,42,5,494272
cpp,array,dataset_1000.txt,1000,4,insert,42,5,494272
cpp,array,dataset_1000.txt,1000,4,search,2791,5,494272
cpp,array,dataset_1000.txt,1000,4,delete,2417,5,494272
cpp,array,dataset_1000.txt,1000,4,traverse,41,5,494272
cpp,array,dataset_1000.txt,1000,5,insert,83,5,494272
cpp,array,dataset_1000.txt,1000,5,search,2792,5,494272
cpp,array,dataset_1000.txt,1000,5,delete,2375,5,494272
cpp,array,dataset_1000.txt,1000,5,traverse,42,5,494272
cpp,array,dataset_1000.txt,1000,6,insert,42,5,494272
cpp,array,dataset_1000.txt,1000,6,search,2791,5,494272
cpp,array,dataset_1000.txt,1000,6,delete,2417,5,494272
cpp,array,dataset_1000.txt,1000,6,traverse,83,5,494272
cpp,array,dataset_1000.txt,1000,7,insert,83,5,494272
cpp,array,dataset_1000.txt,1000,7,search,2875,5,494272
cpp,array,dataset_1000.txt,1000,7,delete,2417,5,494272
cpp,array,dataset_1000.txt,1000,7,traverse,41,5,494272
cpp,array,dataset_1000.txt,1000,8,insert,83,5,494272
cpp,array,dataset_1000.txt,1000,8,search,2792,5,494272
cpp,array,dataset_1000.txt,1000,8,delete,2375,5,494272
cpp,array,dataset_1000.txt,1000,8,traverse,42,5,494272
cpp,array,dataset_1000.txt,1000,9,insert,83,5,494272
cpp,array,dataset_1000.txt,1000,9,search,2792,5,494272
cpp,array,dataset_1000.txt,1000,9,delete,2417,5,494272
cpp,array,dataset_1000.txt,1000,9,traverse,42,5,494272
cpp,linked,dataset_5000.txt,5000,0,insert,48833,25,12368708
cpp,linked,dataset_5000.txt,5000,0,search,244000,25,12368708
cpp,linked,dataset_5000.txt,5000,0,delete,169791,25,12368708
cpp,linked,dataset_5000.txt,5000,0,traverse,6542,25,12368708
cpp,linked,dataset_5000.txt,5000,1,insert,43125,25,12368708
cpp,linked,dataset_5000.txt,5000,1,search,257833,25,12368708
cpp,linked,dataset_5000.txt,5000,1,delete,186875,25,12368708
cpp,linked,dataset_5000.txt,5000,1,traverse,7833,25,12368708
cpp,linked,dataset_5000.txt,5000,2,insert,41292,25,12368708
cpp,linked,dataset_5000.txt,5000,2,search,267791,25,12368708
cpp,linked,dataset_5000.txt,5000,2,delete,190834,25,12368708
cpp,linked,dataset_5000.txt,5000,2,traverse,8500,25,12368708
cpp,linked,dataset_5000.txt,5000,3,insert,42708,25,12368708
cpp,linked,dataset_5000.txt,5000,3,search,262792,25,12368708
cpp,linked,dataset_5000.txt,5000,3,delete,168333,25,12368708
cpp,linked,dataset_5000.txt,5000,3,traverse,6583,25,12368708
cpp,linked,dataset_5000.txt,5000,4,insert,41542,25,12368708
cpp,linked,dataset_5000.txt,5000,4,search,280541,25,12368708
cpp,linked,dataset_5000.txt,5000,4,delete,182125,25,12368708
cpp,linked,dataset_5000.txt,5000,4,traverse,7791,25,12368708
cpp,linked,dataset_5000.txt,5000,5,insert,43542,25,12368708
cpp,linked,dataset_5000.txt,5000,5,search,240375,25,12368708
cpp,linked,dataset_5000.txt,5000,5,delete,169083,25,12368708
cpp,linked,dataset_5000.txt,5000,5,traverse,6209,25,12368708
cpp,linked,dataset_5000.txt,5000,6,insert,41208,25,12368708
cpp,linked,dataset_5000.txt,5000,6,search,235958,25,12368708
cpp,linked,dataset_5000.txt,5000,6,delete,165375,25,12368708
cpp,linked,dataset_5000.txt,5000,6,traverse,6042,25,12368708
cpp,linked,dataset_5000.txt,5000,7,insert,41459,25,12368708
cpp,linked,dataset_5000.txt,5000,7,search,289459,25,12368708
cpp,linked,dataset_5000.txt,5000,7,delete,184167,25,12368708
cpp,linked,dataset_5000.txt,5000,7,traverse,7833,25,12368708
cpp,linked,dataset_5000.txt,5000,8,insert,42542,25,12368708
cpp,linked,dataset_5000.txt,5000,8,search,280208,25,12368708
cpp,linked,dataset_5000.txt,5000,8,delete,184791,25,12368708
cpp,linked,dataset_5000.txt,5000,8,traverse,7709,25,12368708
cpp,linked,dataset_5000.txt,5000,9,insert,49583,25,12368708
cpp,linked,dataset_5000.txt,5000,9,search,262459,25,12368708
cpp,linked,dataset_5000.txt,5000,9,delete,176375,25,12368708
cpp,linked,dataset_5000.txt,5000,9,traverse,7750,25,12368708
python,array,dataset_25000.txt,25000,0,insert,31167,125,309399781
python,array,dataset_25000.txt,25000,0,search,16212625,125,309399781
python,array,dataset_25000.txt,25000,0,delete,16200834,125,309399781
python,array,dataset_25000.txt,25000,0,traverse,86000,125,309399781
python,array,dataset_25000.txt,25000,1,insert,29625,125,309399781
python,array,dataset_25000.txt,25000,1,search,16424625,125,309399781
python,array,dataset_25000.txt,25000,1,delete,16223500,125,309399781
python,array,dataset_25000.txt,25000,1,traverse,89458,125,309399781
python,array,dataset_25000.txt,25000,2,insert,31250,125,309399781
python,array,dataset_25000.txt,25000,2,search,17274917,125,309399781
python,array,dataset_25000.txt,25000,2,delete,17274709,125,309399781
python,array,dataset_25000.txt,25000,2,traverse,89500,125,309399781
python,array,dataset_25000.txt,25000,3,insert,31542,125,309399781
python,array,dataset_25000.txt,25000,3,search,16858417,125,309399781
python,array,dataset_25000.txt,25000,3,delete,16836958,125,309399781
python,array,dataset_25000.txt,25000,3,traverse,87000,125,309399781
python,array,dataset_25000.txt,25000,4,insert,30250,125,309399781
python,array,dataset_25000.txt,25000,4,search,16191292,125,309399781
python,array,dataset_25000.txt,25000,4,delete,16564583,125,309399781
python,array,dataset_25000.txt,25000,4,traverse,87167,125,309399781
python,array,dataset_25000.txt,25000,5,insert,38583,125,309399781
python,array,dataset_25000.txt,25000,5,search,16575875,125,309399781
python,array,dataset_25000.txt,25000,5,delete,16319458,125,309399781
python,array,dataset_25000.txt,25000,5,traverse,88500,125,309399781
python,array,dataset_25000.txt,25000,6,insert,32958,125,309399781
python,array,dataset_25000.txt,25000,6,search,16352542,125,309399781
python,array,dataset_25000.txt,25000,6,delete,16539209,125,309399781
python,array,dataset_25000.txt,25000,6,traverse,91292,125,309399781
python,array,dataset_25000.txt,25000,7,insert,28750,125,309399781
python,array,dataset_25000.txt,25000,7,search,16212500,125,309399781
python,array,dataset_25000.txt,25000,7,delete,16333834,125,309399781
python,array,dataset_25000.txt,25000,7,traverse,85916,125,309399781
python,array,dataset_25000.txt,25000,8,insert,28583,125,309399781
python,array,dataset_25000.txt,25000,8,search,16509541,125,309399781
python,array,dataset_25000.txt,25000,8,delete,16467834,125,309399781
python,array,dataset_25000.txt,25000,8,traverse,89500,125,309399781
python,array,dataset_25000.txt,25000,9,insert,35458,125,309399781
python,array,dataset_25000.txt,25000,9,search,16211500,125,309399781
python,array,dataset_25000.txt,25000,9,delete,16312209,125,309399781
python,array,dataset_25000.txt,25000,9,traverse,86958,125,309399781
cpp,linked,dataset_25000.txt,25000,0,insert,218959,125,309399781
cpp,linked,dataset_25000.txt,25000,0,search,6103500,125,309399781
cpp,linked,dataset_25000.txt,25000,0,delete,3742584,125,309399781
cpp,linked,dataset_25000.txt,25000,0,traverse,29459,125,309399781
cpp,linked,dataset_25000.txt,25000,1,insert,207792,125,309399781
cpp,linked,dataset_25000.txt,25000,1,search,5880750,125,309399781
cpp,linked,dataset_25000.txt,25000,1,delete,3733792,125,309399781
cpp,linked,dataset_25000.txt,25000,1,traverse,29750,125,309399781
cpp,linked,dataset_25000.txt,25000,2,insert,227708,125,309399781
cpp,linked,dataset_25000.txt,25000,2,search,5736000,125,309399781
cpp,linked,dataset_25000.txt,25000,2,delete,3816500,125,309399781
cpp,linked,dataset_25000.txt,25000,2,traverse,29084,125,309399781
cpp,linked,dataset_25000.txt,25000,3,insert,257125,125,309399781
cpp,linked,dataset_25000.txt,25000,3,search,5868959,125,309399781
cpp,linked,dataset_25000.txt,25000,3,delete,3742166,125,309399781
cpp,linked,dataset_25000.txt,25000,3,traverse,29292,125,309399781
cpp,linked,dataset_25000.txt,25000,4,insert,224833,125,309399781
cpp,linked,dataset_25000.txt,25000,4,search,5666584,125,309399781
cpp,linked,dataset_25000.txt,25000,4,delete,3664459,125,309399781
cpp,linked,dataset_25000.txt,25000,4,traverse,28958,125,309399781
cpp,linked,dataset_25000.txt,25000,5,insert,207583,125,309399781
cpp,linked,dataset_25000.txt,25000,5,search,5688292,125,309399781
cpp,linked,dataset_25000.txt,25000,5,delete,3695708,125,309399781
cpp,linked,dataset_25000.txt,25000,5,traverse,29708,125,309399781
cpp,linked,dataset_25000.txt,25000,6,insert,218958,125,309399781
cpp,linked,dataset_25000.txt,25000,6,search,5681917,125,309399781
cpp,linked,dataset_25000.txt,25000,6,delete,3841416,125,309399781
cpp,linked,dataset_25000.txt,25000,6,traverse,32709,125,309399781
cpp,linked,dataset_25000.txt,25000,7,insert,208833,125,309399781
cpp,linked,dataset_25000.txt,25000,7,search,5639625,125,309399781
cpp,linked,dataset_25000.txt,25000,7,delete,3683209,125,309399781
cpp,linked,dataset_25000.txt,25000,7,traverse,29791,125,309399781
cpp,linked,dataset_25000.txt,25000,8,insert,210500,125,309399781
cpp,linked,dataset_25000.txt,25000,8,search,6887500,125,309399781
cpp,linked,dataset_25000.txt,25000,8,delete,3821875,125,309399781
cpp,linked,dataset_25000.txt,25000,8,traverse,32250,125,309399781
cpp,linked,dataset_25000.txt,25000,9,insert,211459,125,309399781
cpp,linked,dataset_25000.txt,25000,9,search,5672166,125,309399781
cpp,linked,dataset_25000.txt,25000,9,delete,3759250,125,309399781
cpp,linked,dataset_25000.txt,25000,9,traverse,30375,125,309399781
cpp,hash,dataset_5000.txt,5000,0,insert,64458,25,12368708
cpp,hash,dataset_5000.txt,5000,0,search,209,25,12368708
cpp,hash,dataset_5000.txt,5000,0,delete,1083,25,12368708
cpp,hash,dataset_5000.txt,5000,0,traverse,6708,25,12368708
cpp,hash,dataset_5000.txt,5000,1,insert,59083,25,12368708
cpp,hash,dataset_5000.txt,5000,1,search,167,25,12368708
cpp,hash,dataset_5000.txt,5000,1,delete,1000,25,12368708
cpp,hash,dataset_5000.txt,5000,1,traverse,6959,25,12368708
cpp,hash,dataset_5000.txt,5000,2,insert,60667,25,12368708
cpp,hash,dataset_5000.txt,5000,2,search,125,25,12368708
cpp,hash,dataset_5000.txt,5000,2,delete,958,25,12368708
cpp,hash,dataset_5000.txt,5000,2,traverse,7000,25,12368708
cpp,hash,dataset_5000.txt,5000,3,insert,58667,25,12368708
cpp,hash,dataset_5000.txt,5000,3,search,167,25,12368708
cpp,hash,dataset_5000.txt,5000,3,delete,1000,25,12368708
cpp,hash,dataset_5000.txt,5000,3,traverse,6833,25,12368708
cpp,hash,dataset_5000.txt,5000,4,insert,59500,25,12368708
cpp,hash,dataset_5000.txt,5000,4,search,125,25,12368708
cpp,hash,dataset_5000.txt,5000,4,delete,959,25,12368708
cpp,hash,dataset_5000.txt,5000,4,traverse,7041,25,12368708
cpp,hash,dataset_5000.txt,5000,5,insert,58292,25,12368708
cpp,hash,dataset_5000.txt,5000,5,search,166,25,12368708
cpp,hash,dataset_5000.txt,5000,5,delete,1000,25,12368708
cpp,hash,dataset_5000.txt,5000,5,traverse,7375,25,12368708
cpp,hash,dataset_5000.txt,5000,6,insert,58208,25,12368708
cpp,hash,dataset_5000.txt,5000,6,search,125,25,12368708
cpp,hash,dataset_5000.txt,5000,6,delete,959,25,12368708
cpp,hash,dataset_5000.txt,5000,6,traverse,6750,25,12368708
cpp,hash,dataset_5000.txt,5000,7,insert,65542,25,12368708
cpp,hash,dataset_5000.txt,5000,7,search,167,25,12368708
cpp,hash,dataset_5000.txt,5000,7,delete,958,25,12368708
cpp,hash,dataset_5000.txt,5000,7,traverse,7250,25,12368708
cpp,hash,dataset_5000.txt,5000,8,insert,67583,25,12368708
cpp,hash,dataset_5000.txt,5000,8,search,125,25,12368708
cpp,hash,dataset_5000.txt,5000,8,delete,959,25,12368708
cpp,hash,dataset_5000.txt,5000,8,traverse,7292,25,12368708
cpp,hash,dataset_5000.txt,5000,9,insert,65583,25,12368708
cpp,hash,dataset_5000.txt,5000,9,search,167,25,12368708
cpp,hash,dataset_5000.txt,5000,9,delete,1000,25,12368708
cpp,hash,dataset_5000.txt,5000,9,traverse,6958,25,12368708
cpp,array,dataset_5000.txt,5000,0,insert,1791,25,12368708
cpp,array,dataset_5000.txt,5000,0,search,57958,25,12368708
cpp,array,dataset_5000.txt,5000,0,delete,52583,25,12368708
cpp,array,dataset_5000.txt,5000,0,traverse,209,25,12368708
cpp,array,dataset_5000.txt,5000,1,insert,3458,25,12368708
cpp,array,dataset_5000.txt,5000,1,search,58375,25,12368708
cpp,array,dataset_5000.txt,5000,1,delete,52542,25,12368708
cpp,array,dataset_5000.txt,5000,1,traverse,208,25,12368708
cpp,array,dataset_5000.txt,5000,2,insert,3333,25,12368708
cpp,array,dataset_5000.txt,5000,2,search,58167,25,12368708
cpp,array,dataset_5000.txt,5000,2,delete,52541,25,12368708
cpp,array,dataset_5000.txt,5000,2,traverse,167,25,12368708
cpp,array,dataset_5000.txt,5000,3,insert,1958,25,12368708
cpp,array,dataset_5000.txt,5000,3,search,57750,25,12368708
cpp,array,dataset_5000.txt,5000,3,delete,52583,25,12368708
cpp,array,dataset_5000.txt,5000,3,traverse,209,25,12368708
cpp,array,dataset_5000.txt,5000,4,insert,1791,25,12368708
cpp,array,dataset_5000.txt,5000,4,search,58209,25,12368708
cpp,array,dataset_5000.txt,5000,4,delete,52833,25,12368708
cpp,array,dataset_5000.txt,5000,4,traverse,208,25,12368708
cpp,array,dataset_5000.txt,5000,5,insert,1708,25,12368708
cpp,array,dataset_5000.txt,5000,5,search,57792,25,12368708
cpp,array,dataset_5000.txt,5000,5,delete,52583,25,12368708
cpp,array,dataset_5000.txt,5000,5,traverse,208,25,12368708
cpp,array,dataset_5000.txt,5000,6,insert,1625,25,12368708
cpp,array,dataset_5000.txt,5000,6,search,57917,25,12368708
cpp,array,dataset_5000.txt,5000,6,delete,60958,25,12368708
cpp,array,dataset_5000.txt,5000,6,traverse,292,25,12368708
cpp,array,dataset_5000.txt,5000,7,insert,1667,25,12368708
cpp,array,dataset_5000.txt,5000,7,search,57833,25,12368708
cpp,array,dataset_5000.txt,5000,7,delete,52416,25,12368708
cpp,array,dataset_5000.txt,5000,7,traverse,208,25,12368708
cpp,array,dataset_5000.txt,5000,8,insert,2500,25,12368708
cpp,array,dataset_5000.txt,5000,8,search,63250,25,12368708
cpp,array,dataset_5000.txt,5000,8,delete,52458,25,12368708
cpp,array,dataset_5000.txt,5000,8,traverse,208,25,12368708
cpp,array,dataset_5000.txt,5000,9,insert,2708,25,12368708
cpp,array,dataset_5000.txt,5000,9,search,63291,25,12368708
cpp,array,dataset_5000.txt,5000,9,delete,52625,25,12368708
cpp,array,dataset_5000.txt,5000,9,traverse,250,25,12368708
python,hash,dataset_25000.txt,25000,0,insert,732708,125,309399781
python,hash,dataset_25000.txt,25000,0,search,11875,125,309399781
python,hash,dataset_25000.txt,25000,0,delete,9500,125,309399781
python,hash,dataset_25000.txt,25000,0,traverse,109125,125,309399781
python,hash,dataset_25000.txt,25000,1,insert,786917,125,309399781
python,hash,dataset_25000.txt,25000,1,search,10791,125,309399781
python,hash,dataset_25000.txt,25000,1,delete,9417,125,309399781
python,hash,dataset_25000.txt,25000,1,traverse,108542,125,309399781
python,hash,dataset_25000.txt,25000,2,insert,742500,125,309399781
python,hash,dataset_25000.txt,25000,2,search,9542,125,309399781
python,hash,dataset_25000.txt,25000,2,delete,9250,125,309399781
python,hash,dataset_25000.txt,25000,2,traverse,113375,125,309399781
python,hash,dataset_25000.txt,25000,3,insert,617584,125,309399781
python,hash,dataset_25000.txt,25000,3,search,9875,125,309399781
python,hash,dataset_25000.txt,25000,3,delete,9125,125,309399781
python,hash,dataset_25000.txt,25000,3,traverse,107958,125,309399781
python,hash,dataset_25000.txt,25000,4,insert,631958,125,309399781
python,hash,dataset_25000.txt,25000,4,search,9625,125,309399781
python,hash,dataset_25000.txt,25000,4,delete,9208,125,309399781
python,hash,dataset_25000.txt,25000,4,traverse,112458,125,309399781
python,hash,dataset_25000.txt,25000,5,insert,622375,125,309399781
python,hash,dataset_25000.txt,25000,5,search,9417,125,309399781
python,hash,dataset_25000.txt,25000,5,delete,9000,125,309399781
python,hash,dataset_25000.txt,25000,5,traverse,106583,125,309399781
python,hash,dataset_25000.txt,25000,6,insert,612625,125,309399781
python,hash,dataset_25000.txt,25000,6,search,9541,125,309399781
python,hash,dataset_25000.txt,25000,6,delete,9000,125,309399781
python,hash,dataset_25000.txt,25000,6,traverse,108792,125,309399781
python,hash,dataset_25000.txt,25000,7,insert,606375,125,309399781
python,hash,dataset_25000.txt,25000,7,search,9584,125,309399781
python,hash,dataset_25000.txt,25000,7,delete,9084,125,309399781
python,hash,dataset_25000.txt,25000,7,traverse,109875,125,309399781
python,hash,dataset_25000.txt,25000,8,insert,616250,125,309399781
python,hash,dataset_25000.txt,25000,8,search,9541,125,309399781
python,hash,dataset_25000.txt,25000,8,delete,9041,125,309399781
python,hash,dataset_25000.txt,25000,8,traverse,107041,125,309399781
python,hash,dataset_25000.txt,25000,9,insert,608083,125,309399781
python,hash,dataset_25000.txt,25000,9,search,9625,125,309399781
python,hash,dataset_25000.txt,25000,9,delete,9000,125,309399781
python,hash,dataset_25000.txt,25000,9,traverse,108000,125,309399781
python,linked,dataset_5000.txt,5000,0,insert,726542,25,12368708
python,linked,dataset_5000.txt,5000,0,search,5267666,25,12368708
python,linked,dataset_5000.txt,5000,0,delete,3982500,25,12368708
python,linked,dataset_5000.txt,5000,0,traverse,159542,25,12368708
python,linked,dataset_5000.txt,5000,1,insert,658000,25,12368708
python,linked,dataset_5000.txt,5000,1,search,4993375,25,12368708
python,linked,dataset_5000.txt,5000,1,delete,3913875,25,12368708
python,linked,dataset_5000.txt,5000,1,traverse,153709,25,12368708
python,linked,dataset_5000.txt,5000,2,insert,653709,25,12368708
python,linked,dataset_5000.txt,5000,2,search,4983916,25,12368708
python,linked,dataset_5000.txt,5000,2,delete,3943625,25,12368708
python,linked,dataset_5000.txt,5000,2,traverse,156667,25,12368708
python,linked,dataset_5000.txt,5000,3,insert,662750,25,12368708
python,linked,dataset_5000.txt,5000,3,search,4968792,25,12368708
python,linked,dataset_5000.txt,5000,3,delete,3939584,25,12368708
python,linked,dataset_5000.txt,5000,3,traverse,154625,25,12368708
python,linked,dataset_5000.txt,5000,4,insert,675292,25,12368708
python,linked,dataset_5000.txt,5000,4,search,5021875,25,12368708
python,linked,dataset_5000.txt,5000,4,delete,4060167,25,12368708
python,linked,dataset_5000.txt,5000,4,traverse,153708,25,12368708
python,linked,dataset_5000.txt,5000,5,insert,683833,25,12368708
python,linked,dataset_5000.txt,5000,5,search,5282709,25,12368708
python,linked,dataset_5000.txt,5000,5,delete,4520417,25,12368708
python,linked,dataset_5000.txt,5000,5,traverse,156417,25,12368708
python,linked,dataset_5000.txt,5000,6,insert,679500,25,12368708
python,linked,dataset_5000.txt,5000,6,search,5093375,25,12368708
python,linked,dataset_5000.txt,5000,6,delete,3957917,25,12368708
python,linked,dataset_5000.txt,5000,6,traverse,154167,25,12368708
python,linked,dataset_5000.txt,5000,7,insert,634250,25,12368708
python,linked,dataset_5000.txt,5000,7,search,4852166,25,12368708
python,linked,dataset_5000.txt,5000,7,delete,3733583,25,12368708
python,linked,dataset_5000.txt,5000,7,traverse,146000,25,12368708
python,linked,dataset_5000.txt,5000,8,insert,625958,25,12368708
python,linked,dataset_5000.txt,5000,8,search,4686792,25,12368708
python,linked,dataset_5000.txt,5000,8,delete,3686250,25,12368708
python,linked,dataset_5000.txt,5000,8,traverse,147417,25,12368708
python,linked,dataset_5000.txt,5000,9,insert,635291,25,12368708
python,linked,dataset_5000.txt,5000,9,search,4712458,25,12368708
python,linked,dataset_5000.txt,5000,9,delete,3693167,25,12368708
python,linked,dataset_5000.txt,5000,9,traverse,156250,25,12368708
python,linked,dataset_25000.txt,25000,0,insert,3456584,125,309399781
python,linked,dataset_25000.txt,25000,0,search,121925000,125,309399781
python,linked,dataset_25000.txt,25000,0,delete,76165084,125,309399781
python,linked,dataset_25000.txt,25000,0,traverse,745250,125,309399781
python,linked,dataset_25000.txt,25000,1,insert,3349584,125,309399781
python,linked,dataset_25000.txt,25000,1,search,131731917,125,309399781
python,linked,dataset_25000.txt,25000,1,delete,77127208,125,309399781
python,linked,dataset_25000.txt,25000,1,traverse,723292,125,309399781
python,linked,dataset_25000.txt,25000,2,insert,3366500,125,309399781
python,linked,dataset_25000.txt,25000,2,search,124703709,125,309399781
python,linked,dataset_25000.txt,25000,2,delete,76710583,125,309399781
python,linked,dataset_25000.txt,25000,2,traverse,740250,125,309399781
python,linked,dataset_25000.txt,25000,3,insert,3339125,125,309399781
python,linked,dataset_25000.txt,25000,3,search,122877500,125,309399781
python,linked,dataset_25000.txt,25000,3,delete,76469500,125,309399781
python,linked,dataset_25000.txt,25000,3,traverse,727917,125,309399781
python,linked,dataset_25000.txt,25000,4,insert,3353458,125,309399781
python,linked,dataset_25000.txt,25000,4,search,123405625,125,309399781
python,linked,dataset_25000.txt,25000,4,delete,76865291,125,309399781
python,linked,dataset_25000.txt,25000,4,traverse,740875,125,309399781
python,linked,dataset_25000.txt,25000,5,insert,3306333,125,309399781
python,linked,dataset_25000.txt,25000,5,search,122373542,125,309399781
python,linked,dataset_25000.txt,25000,5,delete,80354958,125,309399781
python,linked,dataset_25000.txt,25000,5,traverse,1414292,125,309399781
python,linked,dataset_25000.txt,25000,6,insert,6296125,125,309399781
python,linked,dataset_25000.txt,25000,6,search,137463500,125,309399781
python,linked,dataset_25000.txt,25000,6,delete,77081209,125,309399781
python,linked,dataset_25000.txt,25000,6,traverse,725875,125,309399781
python,linked,dataset_25000.txt,25000,7,insert,5322334,125,309399781
python,linked,dataset_25000.txt,25000,7,search,123320000,125,309399781
python,linked,dataset_25000.txt,25000,7,delete,76591916,125,309399781
python,linked,dataset_25000.txt,25000,7,traverse,718000,125,309399781
python,linked,dataset_25000.txt,25000,8,insert,3386500,125,309399781
python,linked,dataset_25000.txt,25000,8,search,123340583,125,309399781
python,linked,dataset_25000.txt,25000,8,delete,76444875,125,309399781
python,linked,dataset_25000.txt,25000,8,traverse,749083,125,309399781
python,linked,dataset_25000.txt,25000,9,insert,3385417,125,309399781
python,linked,dataset_25000.txt,25000,9,search,122928334,125,309399781
python,linked,dataset_25000.txt,25000,9,delete,77980792,125,309399781
python,linked,dataset_25000.txt,25000,9,traverse,785542,125,309399781
cpp,hash,dataset_10000.txt,10000,0,insert,127167,50,49509981
cpp,hash,dataset_10000.txt,10000,0,search,541,50,49509981
cpp,hash,dataset_10000.txt,10000,0,delete,2459,50,49509981
cpp,hash,dataset_10000.txt,10000,0,traverse,14500,50,49509981
cpp,hash,dataset_10000.txt,10000,1,insert,127542,50,49509981
cpp,hash,dataset_10000.txt,10000,1,search,458,50,49509981
cpp,hash,dataset_10000.txt,10000,1,delete,2125,50,49509981
cpp,hash,dataset_10000.txt,10000,1,traverse,14208,50,49509981
cpp,hash,dataset_10000.txt,10000,2,insert,121916,50,49509981
cpp,hash,dataset_10000.txt,10000,2,search,375,50,49509981
cpp,hash,dataset_10000.txt,10000,2,delete,2042,50,49509981
cpp,hash,dataset_10000.txt,10000,2,traverse,13708,50,49509981
cpp,hash,dataset_10000.txt,10000,3,insert,123000,50,49509981
cpp,hash,dataset_10000.txt,10000,3,search,333,50,49509981
cpp,hash,dataset_10000.txt,10000,3,delete,2042,50,49509981
cpp,hash,dataset_10000.txt,10000,3,traverse,13583,50,49509981
cpp,hash,dataset_10000.txt,10000,4,insert,130542,50,49509981
cpp,hash,dataset_10000.txt,10000,4,search,458,50,49509981
cpp,hash,dataset_10000.txt,10000,4,delete,2167,50,49509981
cpp,hash,dataset_10000.txt,10000,4,traverse,14625,50,49509981
cpp,hash,dataset_10000.txt,10000,5,insert,129708,50,49509981
cpp,hash,dataset_10000.txt,10000,5,search,333,50,49509981
cpp,hash,dataset_10000.txt,10000,5,delete,2125,50,49509981
cpp,hash,dataset_10000.txt,10000,5,traverse,13541,50,49509981
cpp,hash,dataset_10000.txt,10000,6,insert,119917,50,49509981
cpp,hash,dataset_10000.txt,10000,6,search,333,50,49509981
cpp,hash,dataset_10000.txt,10000,6,delete,1959,50,49509981
cpp,hash,dataset_10000.txt,10000,6,traverse,12375,50,49509981
cpp,hash,dataset_10000.txt,10000,7,insert,119500,50,49509981
cpp,hash,dataset_10000.txt,10000,7,search,292,50,49509981
cpp,hash,dataset_10000.txt,10000,7,delete,2000,50,49509981
cpp,hash,dataset_10000.txt,10000,7,traverse,13500,50,49509981
cpp,hash,dataset_10000.txt,10000,8,insert,122167,50,49509981
cpp,hash,dataset_10000.txt,10000,8,search,292,50,49509981
cpp,hash,dataset_10000.txt,10000,8,delete,2042,50,49509981
cpp,hash,dataset_10000.txt,10000,8,traverse,13667,50,49509981
cpp,hash,dataset_10000.txt,10000,9,insert,129750,50,49509981
cpp,hash,dataset_10000.txt,10000,9,search,333,50,49509981
cpp,hash,dataset_10000.txt,10000,9,delete,2000,50,49509981
cpp,hash,dataset_10000.txt,10000,9,traverse,13708,50,49509981
python,array,dataset_1000.txt,1000,0,insert,1375,5,494272
python,array,dataset_1000.txt,1000,0,search,29625,5,494272
python,array,dataset_1000.txt,1000,0,delete,38791,5,494272
python,array,dataset_1000.txt,1000,0,traverse,5292,5,494272
python,array,dataset_1000.txt,1000,1,insert,833,5,494272
python,array,dataset_1000.txt,1000,1,search,29167,5,494272
python,array,dataset_1000.txt,1000,1,delete,38666,5,494272
python,array,dataset_1000.txt,1000,1,traverse,5208,5,494272
python,array,dataset_1000.txt,1000,2,insert,750,5,494272
python,array,dataset_1000.txt,1000,2,search,29250,5,494272
python,array,dataset_1000.txt,1000,2,delete,38500,5,494272
python,array,dataset_1000.txt,1000,2,traverse,5041,5,494272
python,array,dataset_1000.txt,1000,3,insert,667,5,494272
python,array,dataset_1000.txt,1000,3,search,28625,5,494272
python,array,dataset_1000.txt,1000,3,delete,37875,5,494272
python,array,dataset_1000.txt,1000,3,traverse,5166,5,494272
python,array,dataset_1000.txt,1000,4,insert,709,5,494272
python,array,dataset_1000.txt,1000,4,search,28292,5,494272
python,array,dataset_1000.txt,1000,4,delete,37167,5,494272
python,array,dataset_1000.txt,1000,4,traverse,5209,5,494272
python,array,dataset_1000.txt,1000,5,insert,708,5,494272
python,array,dataset_1000.txt,1000,5,search,28416,5,494272
python,array,dataset_1000.txt,1000,5,delete,37291,5,494272
python,array,dataset_1000.txt,1000,5,traverse,5083,5,494272
python,array,dataset_1000.txt,1000,6,insert,667,5,494272
python,array,dataset_1000.txt,1000,6,search,28333,5,494272
python,array,dataset_1000.txt,1000,6,delete,37125,5,494272
python,array,dataset_1000.txt,1000,6,traverse,5083,5,494272
python,array,dataset_1000.txt,1000,7,insert,667,5,494272
python,array,dataset_1000.txt,1000,7,search,28292,5,494272
python,array,dataset_1000.txt,1000,7,delete,37250,5,494272
python,array,dataset_1000.txt,1000,7,traverse,4875,5,494272
python,array,dataset_1000.txt,1000,8,insert,667,5,494272
python,array,dataset_1000.txt,1000,8,search,28500,5,494272
python,array,dataset_1000.txt,1000,8,delete,37083,5,494272
python,array,dataset_1000.txt,1000,8,traverse,4916,5,494272
python,array,dataset_1000.txt,1000,9,insert,666,5,494272
python,array,dataset_1000.txt,1000,9,search,28250,5,494272
python,array,dataset_1000.txt,1000,9,delete,37166,5,494272
python,array,dataset_1000.txt,1000,9,traverse,4875,5,494272
python,hash,dataset_10000.txt,10000,0,insert,219709,50,49509981
python,hash,dataset_10000.txt,10000,0,search,4125,50,49509981
python,hash,dataset_10000.txt,10000,0,delete,3708,50,49509981
python,hash,dataset_10000.txt,10000,0,traverse,43791,50,49509981
python,hash,dataset_10000.txt,10000,1,insert,210000,50,49509981
python,hash,dataset_10000.txt,10000,1,search,3875,50,49509981
python,hash,dataset_10000.txt,10000,1,delete,3458,50,49509981
python,hash,dataset_10000.txt,10000,1,traverse,43750,50,49509981
python,hash,dataset_10000.txt,10000,2,insert,205250,50,49509981
python,hash,dataset_10000.txt,10000,2,search,3834,50,49509981
python,hash,dataset_10000.txt,10000,2,delete,3500,50,49509981
python,hash,dataset_10000.txt,10000,2,traverse,43375,50,49509981
python,hash,dataset_10000.txt,10000,3,insert,203875,50,49509981
python,hash,dataset_10000.txt,10000,3,search,3792,50,49509981
python,hash,dataset_10000.txt,10000,3,delete,3417,50,49509981
python,hash,dataset_10000.txt,10000,3,traverse,43709,50,49509981
python,hash,dataset_10000.txt,10000,4,insert,201166,50,49509981
python,hash,dataset_10000.txt,10000,4,search,3709,50,49509981
python,hash,dataset_10000.txt,10000,4,delete,3500,50,49509981
python,hash,dataset_10000.txt,10000,4,traverse,43750,50,49509981
python,hash,dataset_10000.txt,10000,5,insert,200750,50,49509981
python,hash,dataset_10000.txt,10000,5,search,3834,50,49509981
python,hash,dataset_10000.txt,10000,5,delete,3417,50,49509981
python,hash,dataset_10000.txt,10000,5,traverse,43750,50,49509981
python,hash,dataset_10000.txt,10000,6,insert,203583,50,49509981
python,hash,dataset_10000.txt,10000,6,search,3875,50,49509981
python,hash,dataset_10000.txt,10000,6,delete,3417,50,49509981
python,hash,dataset_10000.txt,10000,6,traverse,43500,50,49509981
python,hash,dataset_10000.txt,10000,7,insert,212750,50,49509981
python,hash,dataset_10000.txt,10000,7,search,3916,50,49509981
python,hash,dataset_10000.txt,10000,7,delete,3458,50,49509981
python,hash,dataset_10000.txt,10000,7,traverse,43625,50,49509981
python,hash,dataset_10000.txt,10000,8,insert,200958,50,49509981
python,hash,dataset_10000.txt,10000,8,search,3791,50,49509981
python,hash,dataset_10000.txt,10000,8,delete,3500,50,49509981
python,hash,dataset_10000.txt,10000,8,traverse,43833,50,49509981
python,hash,dataset_10000.txt,10000,9,insert,208583,50,49509981
python,hash,dataset_10000.txt,10000,9,search,3667,50,49509981
python,hash,dataset_10000.txt,10000,9,delete,5208,50,49509981
python,hash,dataset_10000.txt,10000,9,traverse,44667,50,49509981
python,linked,dataset_10000.txt,10000,0,insert,1525791,50,49509981
python,linked,dataset_10000.txt,10000,0,search,22509250,50,49509981
python,linked,dataset_10000.txt,10000,0,delete,13016083,50,49509981
python,linked,dataset_10000.txt,10000,0,traverse,304417,50,49509981
python,linked,dataset_10000.txt,10000,1,insert,1364625,50,49509981
python,linked,dataset_10000.txt,10000,1,search,21065375,50,49509981
python,linked,dataset_10000.txt,10000,1,delete,12962500,50,49509981
python,linked,dataset_10000.txt,10000,1,traverse,309250,50,49509981
python,linked,dataset_10000.txt,10000,2,insert,1408875,50,49509981
python,linked,dataset_10000.txt,10000,2,search,20930708,50,49509981
python,linked,dataset_10000.txt,10000,2,delete,13006375,50,49509981
python,linked,dataset_10000.txt,10000,2,traverse,327625,50,49509981
python,linked,dataset_10000.txt,10000,3,insert,1289250,50,49509981
python,linked,dataset_10000.txt,10000,3,search,20906625,50,49509981
python,linked,dataset_10000.txt,10000,3,delete,12976583,50,49509981
python,linked,dataset_10000.txt,10000,3,traverse,304667,50,49509981
python,linked,dataset_10000.txt,10000,4,insert,1531208,50,49509981
python,linked,dataset_10000.txt,10000,4,search,21602292,50,49509981
python,linked,dataset_10000.txt,10000,4,delete,13103792,50,49509981
python,linked,dataset_10000.txt,10000,4,traverse,311875,50,49509981
python,linked,dataset_10000.txt,10000,5,insert,1293417,50,49509981
python,linked,dataset_10000.txt,10000,5,search,20860584,50,49509981
python,linked,dataset_10000.txt,10000,5,delete,12871125,50,49509981
python,linked,dataset_10000.txt,10000,5,traverse,287958,50,49509981
python,linked,dataset_10000.txt,10000,6,insert,1288584,50,49509981
python,linked,dataset_10000.txt,10000,6,search,20889209,50,49509981
python,linked,dataset_10000.txt,10000,6,delete,12848542,50,49509981
python,linked,dataset_10000.txt,10000,6,traverse,302208,50,49509981
python,linked,dataset_10000.txt,10000,7,insert,1365166,50,49509981
python,linked,dataset_10000.txt,10000,7,search,20937125,50,49509981
python,linked,dataset_10000.txt,10000,7,delete,12919042,50,49509981
python,linked,dataset_10000.txt,10000,7,traverse,290583,50,49509981
python,linked,dataset_10000.txt,10000,8,insert,1293292,50,49509981
python,linked,dataset_10000.txt,10000,8,search,20793791,50,49509981
python,linked,dataset_10000.txt,10000,8,delete,12891375,50,49509981
python,linked,dataset_10000.txt,10000,8,traverse,296292,50,49509981
python,linked,dataset_10000.txt,10000,9,insert,1495709,50,49509981
python,linked,dataset_10000.txt,10000,9,search,20879625,50,49509981
python,linked,dataset_10000.txt,10000,9,delete,12999667,50,49509981
python,linked,dataset_10000.txt,10000,9,traverse,295417,50,49509981
python,array,dataset_10000.txt,10000,0,insert,12584,50,49509981
python,array,dataset_10000.txt,10000,0,search,2747750,50,49509981
python,array,dataset_10000.txt,10000,0,delete,2704417,50,49509981
python,array,dataset_10000.txt,10000,0,traverse,34791,50,49509981
python,array,dataset_10000.txt,10000,1,insert,10708,50,49509981
python,array,dataset_10000.txt,10000,1,search,2755000,50,49509981
python,array,dataset_10000.txt,10000,1,delete,2717083,50,49509981
python,array,dataset_10000.txt,10000,1,traverse,34084,50,49509981
python,array,dataset_10000.txt,10000,2,insert,11541,50,49509981
python,array,dataset_10000.txt,10000,2,search,2788334,50,49509981
python,array,dataset_10000.txt,10000,2,delete,2695709,50,49509981
python,array,dataset_10000.txt,10000,2,traverse,36333,50,49509981
python,array,dataset_10000.txt,10000,3,insert,13791,50,49509981
python,array,dataset_10000.txt,10000,3,search,2750500,50,49509981
python,array,dataset_10000.txt,10000,3,delete,2684708,50,49509981
python,array,dataset_10000.txt,10000,3,traverse,36208,50,49509981
python,array,dataset_10000.txt,10000,4,insert,10500,50,49509981
python,array,dataset_10000.txt,10000,4,search,2766417,50,49509981
python,array,dataset_10000.txt,10000,4,delete,2698958,50,49509981
python,array,dataset_10000.txt,10000,4,traverse,35417,50,49509981
python,array,dataset_10000.txt,10000,5,insert,11625,50,49509981
python,array,dataset_10000.txt,10000,5,search,2809333,50,49509981
python,array,dataset_10000.txt,10000,5,delete,2692583,50,49509981
python,array,dataset_10000.txt,10000,5,traverse,36583,50,49509981
python,array,dataset_10000.txt,10000,6,insert,11333,50,49509981
python,array,dataset_10000.txt,10000,6,search,2752167,50,49509981
python,array,dataset_10000.txt,10000,6,delete,2687583,50,49509981
python,array,dataset_10000.txt,10000,6,traverse,34833,50,49509981
python,array,dataset_10000.txt,10000,7,insert,10541,50,49509981
python,array,dataset_10000.txt,10000,7,search,2756500,50,49509981
python,array,dataset_10000.txt,10000,7,delete,2804666,50,49509981
python,array,dataset_10000.txt,10000,7,traverse,36917,50,49509981
python,array,dataset_10000.txt,10000,8,insert,11750,50,49509981
python,array,dataset_10000.txt,10000,8,search,2769458,50,49509981
python,array,dataset_10000.txt,10000,8,delete,2696833,50,49509981
python,array,dataset_10000.txt,10000,8,traverse,33625,50,49509981
python,array,dataset_10000.txt,10000,9,insert,11208,50,49509981
python,array,dataset_10000.txt,10000,9,search,2761000,50,49509981
python,array,dataset_10000.txt,10000,9,delete,2698000,50,49509981
python,array,dataset_10000.txt,10000,9,traverse,34500,50,49509981
cpp,linked,dataset_10000.txt,10000,0,insert,82750,50,49509981
cpp,linked,dataset_10000.txt,10000,0,search,921375,50,49509981
cpp,linked,dataset_10000.txt,10000,0,delete,621333,50,49509981
cpp,linked,dataset_10000.txt,10000,0,traverse,11583,50,49509981
cpp,linked,dataset_10000.txt,10000,1,insert,93416,50,49509981
cpp,linked,dataset_10000.txt,10000,1,search,1173125,50,49509981
cpp,linked,dataset_10000.txt,10000,1,delete,838584,50,49509981
cpp,linked,dataset_10000.txt,10000,1,traverse,13000,50,49509981
cpp,linked,dataset_10000.txt,10000,2,insert,83084,50,49509981
cpp,linked,dataset_10000.txt,10000,2,search,960291,50,49509981
cpp,linked,dataset_10000.txt,10000,2,delete,682959,50,49509981
cpp,linked,dataset_10000.txt,10000,2,traverse,11875,50,49509981
cpp,linked,dataset_10000.txt,10000,3,insert,80541,50,49509981
cpp,linked,dataset_10000.txt,10000,3,search,952542,50,49509981
cpp,linked,dataset_10000.txt,10000,3,delete,689292,50,49509981
cpp,linked,dataset_10000.txt,10000,3,traverse,14833,50,49509981
cpp,linked,dataset_10000.txt,10000,4,insert,86166,50,49509981
cpp,linked,dataset_10000.txt,10000,4,search,1105084,50,49509981
cpp,linked,dataset_10000.txt,10000,4,delete,655375,50,49509981
cpp,linked,dataset_10000.txt,10000,4,traverse,11916,50,49509981
cpp,linked,dataset_10000.txt,10000,5,insert,83125,50,49509981
cpp,linked,dataset_10000.txt,10000,5,search,932875,50,49509981
cpp,linked,dataset_10000.txt,10000,5,delete,643250,50,49509981
cpp,linked,dataset_10000.txt,10000,5,traverse,11958,50,49509981
cpp,linked,dataset_10000.txt,10000,6,insert,82750,50,49509981
cpp,linked,dataset_10000.txt,10000,6,search,1052917,50,49509981
cpp,linked,dataset_10000.txt,10000,6,delete,735083,50,49509981
cpp,linked,dataset_10000.txt,10000,6,traverse,14167,50,49509981
cpp,linked,dataset_10000.txt,10000,7,insert,79916,50,49509981
cpp,linked,dataset_10000.txt,10000,7,search,938667,50,49509981
cpp,linked,dataset_10000.txt,10000,7,delete,758416,50,49509981
cpp,linked,dataset_10000.txt,10000,7,traverse,14500,50,49509981
cpp,linked,dataset_10000.txt,10000,8,insert,81958,50,49509981
cpp,linked,dataset_10000.txt,10000,8,search,1038875,50,49509981
cpp,linked,dataset_10000.txt,10000,8,delete,702292,50,49509981
cpp,linked,dataset_10000.txt,10000,8,traverse,14583,50,49509981
cpp,linked,dataset_10000.txt,10000,9,insert,82834,50,49509981
cpp,linked,dataset_10000.txt,10000,9,search,904917,50,49509981
cpp,linked,dataset_10000.txt,10000,9,delete,652541,50,49509981
cpp,linked,dataset_10000.txt,10000,9,traverse,11708,50,49509981
python,hash,dataset_1000.txt,1000,0,insert,26167,5,494272
python,hash,dataset_1000.txt,1000,0,search,875,5,494272
python,hash,dataset_1000.txt,1000,0,delete,708,5,494272
python,hash,dataset_1000.txt,1000,0,traverse,7292,5,494272
python,hash,dataset_1000.txt,1000,1,insert,25917,5,494272
python,hash,dataset_1000.txt,1000,1,search,667,5,494272
python,hash,dataset_1000.txt,1000,1,delete,458,5,494272
python,hash,dataset_1000.txt,1000,1,traverse,7041,5,494272
python,hash,dataset_1000.txt,1000,2,insert,24542,5,494272
python,hash,dataset_1000.txt,1000,2,search,625,5,494272
python,hash,dataset_1000.txt,1000,2,delete,459,5,494272
python,hash,dataset_1000.txt,1000,2,traverse,7125,5,494272
python,hash,dataset_1000.txt,1000,3,insert,23750,5,494272
python,hash,dataset_1000.txt,1000,3,search,584,5,494272
python,hash,dataset_1000.txt,1000,3,delete,458,5,494272
python,hash,dataset_1000.txt,1000,3,traverse,6917,5,494272
python,hash,dataset_1000.txt,1000,4,insert,24584,5,494272
python,hash,dataset_1000.txt,1000,4,search,667,5,494272
python,hash,dataset_1000.txt,1000,4,delete,458,5,494272
python,hash,dataset_1000.txt,1000,4,traverse,6584,5,494272
python,hash,dataset_1000.txt,1000,5,insert,24334,5,494272
python,hash,dataset_1000.txt,1000,5,search,583,5,494272
python,hash,dataset_1000.txt,1000,5,delete,542,5,494272
python,hash,dataset_1000.txt,1000,5,traverse,6791,5,494272
python,hash,dataset_1000.txt,1000,6,insert,23000,5,494272
python,hash,dataset_1000.txt,1000,6,search,583,5,494272
python,hash,dataset_1000.txt,1000,6,delete,500,5,494272
python,hash,dataset_1000.txt,1000,6,traverse,6667,5,494272
python,hash,dataset_1000.txt,1000,7,insert,23708,5,494272
python,hash,dataset_1000.txt,1000,7,search,583,5,494272
python,hash,dataset_1000.txt,1000,7,delete,583,5,494272
python,hash,dataset_1000.txt,1000,7,traverse,6667,5,494272
python,hash,dataset_1000.txt,1000,8,insert,23833,5,494272
python,hash,dataset_1000.txt,1000,8,search,542,5,494272
python,hash,dataset_1000.txt,1000,8,delete,458,5,494272
python,hash,dataset_1000.txt,1000,8,traverse,6708,5,494272
python,hash,dataset_1000.txt,1000,9,insert,23125,5,494272
python,hash,dataset_1000.txt,1000,9,search,541,5,494272
python,hash,dataset_1000.txt,1000,9,delete,458,5,494272
python,hash,dataset_1000.txt,1000,9,traverse,6708,5,494272
cpp,linked,dataset_1000.txt,1000,0,insert,12375,5,494272
cpp,linked,dataset_1000.txt,1000,0,search,8958,5,494272
cpp,linked,dataset_1000.txt,1000,0,delete,6208,5,494272
cpp,linked,dataset_1000.txt,1000,0,traverse,917,5,494272
cpp,linked,dataset_1000.txt,1000,1,insert,12167,5,494272
cpp,linked,dataset_1000.txt,1000,1,search,8958,5,494272
cpp,linked,dataset_1000.txt,1000,1,delete,5833,5,494272
cpp,linked,dataset_1000.txt,1000,1,traverse,917,5,494272
cpp,linked,dataset_1000.txt,1000,2,insert,12166,5,494272
cpp,linked,dataset_1000.txt,1000,2,search,9084,5,494272
cpp,linked,dataset_1000.txt,1000,2,delete,6125,5,494272
cpp,linked,dataset_1000.txt,1000,2,traverse,875,5,494272
cpp,linked,dataset_1000.txt,1000,3,insert,12166,5,494272
cpp,linked,dataset_1000.txt,1000,3,search,9583,5,494272
cpp,linked,dataset_1000.txt,1000,3,delete,6125,5,494272
cpp,linked,dataset_1000.txt,1000,3,traverse,958,5,494272
cpp,linked,dataset_1000.txt,1000,4,insert,12167,5,494272
cpp,linked,dataset_1000.txt,1000,4,search,9708,5,494272
cpp,linked,dataset_1000.txt,1000,4,delete,5542,5,494272
cpp,linked,dataset_1000.txt,1000,4,traverse,875,5,494272
cpp,linked,dataset_1000.txt,1000,5,insert,12166,5,494272
cpp,linked,dataset_1000.txt,1000,5,search,8500,5,494272
cpp,linked,dataset_1000.txt,1000,5,delete,6084,5,494272
cpp,linked,dataset_1000.txt,1000,5,traverse,875,5,494272
cpp,linked,dataset_1000.txt,1000,6,insert,12166,5,494272
cpp,linked,dataset_1000.txt,1000,6,search,7459,5,494272
cpp,linked,dataset_1000.txt,1000,6,delete,5500,5,494272
cpp,linked,dataset_1000.txt,1000,6,traverse,875,5,494272
cpp,linked,dataset_1000.txt,1000,7,insert,12167,5,494272
cpp,linked,dataset_1000.txt,1000,7,search,7333,5,494272
cpp,linked,dataset_1000.txt,1000,7,delete,5541,5,494272
cpp,linked,dataset_1000.txt,1000,7,traverse,917,5,494272
cpp,linked,dataset_1000.txt,1000,8,insert,12166,5,494272
cpp,linked,dataset_1000.txt,1000,8,search,6834,5,494272
cpp,linked,dataset_1000.txt,1000,8,delete,6125,5,494272
cpp,linked,dataset_1000.txt,1000,8,traverse,875,5,494272
cpp,linked,dataset_1000.txt,1000,9,insert,12209,5,494272
cpp,linked,dataset_1000.txt,1000,9,search,7416,5,494272
cpp,linked,dataset_1000.txt,1000,9,delete,6084,5,494272
cpp,linked,dataset_1000.txt,1000,9,traverse,916,5,494272
cpp,hash,dataset_25000.txt,25000,0,insert,283083,125,309399781
cpp,hash,dataset_25000.txt,25000,0,search,792,125,309399781
cpp,hash,dataset_25000.txt,25000,0,delete,4959,125,309399781
cpp,hash,dataset_25000.txt,25000,0,traverse,30209,125,309399781
cpp,hash,dataset_25000.txt,25000,1,insert,273208,125,309399781
cpp,hash,dataset_25000.txt,25000,1,search,708,125,309399781
cpp,hash,dataset_25000.txt,25000,1,delete,4959,125,309399781
cpp,hash,dataset_25000.txt,25000,1,traverse,29625,125,309399781
cpp,hash,dataset_25000.txt,25000,2,insert,273500,125,309399781
cpp,hash,dataset_25000.txt,25000,2,search,708,125,309399781
cpp,hash,dataset_25000.txt,25000,2,delete,4959,125,309399781
cpp,hash,dataset_25000.txt,25000,2,traverse,29083,125,309399781
cpp,hash,dataset_25000.txt,25000,3,insert,279959,125,309399781
cpp,hash,dataset_25000.txt,25000,3,search,708,125,309399781
cpp,hash,dataset_25000.txt,25000,3,delete,4875,125,309399781
cpp,hash,dataset_25000.txt,25000,3,traverse,29666,125,309399781
cpp,hash,dataset_25000.txt,25000,4,insert,274500,125,309399781
cpp,hash,dataset_25000.txt,25000,4,search,708,125,309399781
cpp,hash,dataset_25000.txt,25000,4,delete,4917,125,309399781
cpp,hash,dataset_25000.txt,25000,4,traverse,28750,125,309399781
cpp,hash,dataset_25000.txt,25000,5,insert,275916,125,309399781
cpp,hash,dataset_25000.txt,25000,5,search,709,125,309399781
cpp,hash,dataset_25000.txt,25000,5,delete,4875,125,309399781
cpp,hash,dataset_25000.txt,25000,5,traverse,29500,125,309399781
cpp,hash,dataset_25000.txt,25000,6,insert,297084,125,309399781
cpp,hash,dataset_25000.txt,25000,6,search,708,125,309399781
cpp,hash,dataset_25000.txt,25000,6,delete,4875,125,309399781
cpp,hash,dataset_25000.txt,25000,6,traverse,29500,125,309399781
cpp,hash,dataset_25000.txt,25000,7,insert,284291,125,309399781
cpp,hash,dataset_25000.txt,25000,7,search,709,125,309399781
cpp,hash,dataset_25000.txt,25000,7,delete,4916,125,309399781
cpp,hash,dataset_25000.txt,25000,7,traverse,29500,125,309399781
cpp,hash,dataset_25000.txt,25000,8,insert,275625,125,309399781
cpp,hash,dataset_25000.txt,25000,8,search,709,125,309399781
cpp,hash,dataset_25000.txt,25000,8,delete,4875,125,309399781
cpp,hash,dataset_25000.txt,25000,8,traverse,29167,125,309399781
cpp,hash,dataset_25000.txt,25000,9,insert,286000,125,309399781
cpp,hash,dataset_25000.txt,25000,9,search,708,125,309399781
cpp,hash,dataset_25000.txt,25000,9,delete,4875,125,309399781
cpp,hash,dataset_25000.txt,25000,9,traverse,29333,125,309399781
python,array,dataset_5000.txt,5000,0,insert,6500,25,12368708
python,array,dataset_5000.txt,5000,0,search,660625,25,12368708
python,array,dataset_5000.txt,5000,0,delete,778708,25,12368708
python,array,dataset_5000.txt,5000,0,traverse,18875,25,12368708
python,array,dataset_5000.txt,5000,1,insert,6750,25,12368708
python,array,dataset_5000.txt,5000,1,search,657125,25,12368708
python,array,dataset_5000.txt,5000,1,delete,781500,25,12368708
python,array,dataset_5000.txt,5000,1,traverse,18500,25,12368708
python,array,dataset_5000.txt,5000,2,insert,6000,25,12368708
python,array,dataset_5000.txt,5000,2,search,656458,25,12368708
python,array,dataset_5000.txt,5000,2,delete,781792,25,12368708
python,array,dataset_5000.txt,5000,2,traverse,18459,25,12368708
python,array,dataset_5000.txt,5000,3,insert,5875,25,12368708
python,array,dataset_5000.txt,5000,3,search,656500,25,12368708
python,array,dataset_5000.txt,5000,3,delete,788542,25,12368708
python,array,dataset_5000.txt,5000,3,traverse,18208,25,12368708
python,array,dataset_5000.txt,5000,4,insert,5958,25,12368708
python,array,dataset_5000.txt,5000,4,search,658667,25,12368708
python,array,dataset_5000.txt,5000,4,delete,778250,25,12368708
python,array,dataset_5000.txt,5000,4,traverse,18167,25,12368708
python,array,dataset_5000.txt,5000,5,insert,5916,25,12368708
python,array,dataset_5000.txt,5000,5,search,655333,25,12368708
python,array,dataset_5000.txt,5000,5,delete,782459,25,12368708
python,array,dataset_5000.txt,5000,5,traverse,18417,25,12368708
python,array,dataset_5000.txt,5000,6,insert,5875,25,12368708
python,array,dataset_5000.txt,5000,6,search,654209,25,12368708
python,array,dataset_5000.txt,5000,6,delete,779458,25,12368708
python,array,dataset_5000.txt,5000,6,traverse,18209,25,12368708
python,array,dataset_5000.txt,5000,7,insert,6208,25,12368708
python,array,dataset_5000.txt,5000,7,search,663041,25,12368708
python,array,dataset_5000.txt,5000,7,delete,780041,25,12368708
python,array,dataset_5000.txt,5000,7,traverse,18375,25,12368708
python,array,dataset_5000.txt,5000,8,insert,8042,25,12368708
python,array,dataset_5000.txt,5000,8,search,711833,25,12368708
python,array,dataset_5000.txt,5000,8,delete,789167,25,12368708
python,array,dataset_5000.txt,5000,8,traverse,18166,25,12368708
python,array,dataset_5000.txt,5000,9,insert,6250,25,12368708
python,array,dataset_5000.txt,5000,9,search,677542,25,12368708
python,array,dataset_5000.txt,5000,9,delete,794500,25,12368708
python,array,dataset_5000.txt,5000,9,traverse,18334,25,12368708
python,hash,dataset_5000.txt,5000,0,insert,114791,25,12368708
python,hash,dataset_5000.txt,5000,0,search,2416,25,12368708
python,hash,dataset_5000.txt,5000,0,delete,1958,25,12368708
python,hash,dataset_5000.txt,5000,0,traverse,23791,25,12368708
python,hash,dataset_5000.txt,5000,1,insert,101000,25,12368708
python,hash,dataset_5000.txt,5000,1,search,2125,25,12368708
python,hash,dataset_5000.txt,5000,1,delete,1791,25,12368708
python,hash,dataset_5000.txt,5000,1,traverse,23542,25,12368708
python,hash,dataset_5000.txt,5000,2,insert,103792,25,12368708
python,hash,dataset_5000.txt,5000,2,search,2000,25,12368708
python,hash,dataset_5000.txt,5000,2,delete,1709,25,12368708
python,hash,dataset_5000.txt,5000,2,traverse,23792,25,12368708
python,hash,dataset_5000.txt,5000,3,insert,99417,25,12368708
python,hash,dataset_5000.txt,5000,3,search,2000,25,12368708
python,hash,dataset_5000.txt,5000,3,delete,1750,25,12368708
python,hash,dataset_5000.txt,5000,3,traverse,23792,25,12368708
python,hash,dataset_5000.txt,5000,4,insert,99417,25,12368708
python,hash,dataset_5000.txt,5000,4,search,2000,25,12368708
python,hash,dataset_5000.txt,5000,4,delete,1708,25,12368708
python,hash,dataset_5000.txt,5000,4,traverse,23625,25,12368708
python,hash,dataset_5000.txt,5000,5,insert,102875,25,12368708
python,hash,dataset_5000.txt,5000,5,search,2042,25,12368708
python,hash,dataset_5000.txt,5000,5,delete,1750,25,12368708
python,hash,dataset_5000.txt,5000,5,traverse,23792,25,12368708
python,hash,dataset_5000.txt,5000,6,insert,109084,25,12368708
python,hash,dataset_5000.txt,5000,6,search,2041,25,12368708
python,hash,dataset_5000.txt,5000,6,delete,1708,25,12368708
python,hash,dataset_5000.txt,5000,6,traverse,23875,25,12368708
python,hash,dataset_5000.txt,5000,7,insert,99083,25,12368708
python,hash,dataset_5000.txt,5000,7,search,2000,25,12368708
python,hash,dataset_5000.txt,5000,7,delete,1709,25,12368708
python,hash,dataset_5000.txt,5000,7,traverse,23333,25,12368708
python,hash,dataset_5000.txt,5000,8,insert,100083,25,12368708
python,hash,dataset_5000.txt,5000,8,search,2041,25,12368708
python,hash,dataset_5000.txt,5000,8,delete,1750,25,12368708
python,hash,dataset_5000.txt,5000,8,traverse,23791,25,12368708
python,hash,dataset_5000.txt,5000,9,insert,106208,25,12368708
python,hash,dataset_5000.txt,5000,9,search,2000,25,12368708
python,hash,dataset_5000.txt,5000,9,delete,1750,25,12368708
python,hash,dataset_5000.txt,5000,9,traverse,23958,25,12368708
python,linked,dataset_1000.txt,1000,0,insert,107458,5,494272
python,linked,dataset_1000.txt,1000,0,search,237000,5,494272
python,linked,dataset_1000.txt,1000,0,delete,174167,5,494272
python,linked,dataset_1000.txt,1000,0,traverse,30500,5,494272
python,linked,dataset_1000.txt,1000,1,insert,103792,5,494272
python,linked,dataset_1000.txt,1000,1,search,237167,5,494272
python,linked,dataset_1000.txt,1000,1,delete,175375,5,494272
python,linked,dataset_1000.txt,1000,1,traverse,30292,5,494272
python,linked,dataset_1000.txt,1000,2,insert,103250,5,494272
python,linked,dataset_1000.txt,1000,2,search,235583,5,494272
python,linked,dataset_1000.txt,1000,2,delete,173833,5,494272
python,linked,dataset_1000.txt,1000,2,traverse,30834,5,494272
python,linked,dataset_1000.txt,1000,3,insert,103250,5,494272
python,linked,dataset_1000.txt,1000,3,search,237291,5,494272
python,linked,dataset_1000.txt,1000,3,delete,175959,5,494272
python,linked,dataset_1000.txt,1000,3,traverse,30416,5,494272
python,linked,dataset_1000.txt,1000,4,insert,103125,5,494272
python,linked,dataset_1000.txt,1000,4,search,236958,5,494272
python,linked,dataset_1000.txt,1000,4,delete,173959,5,494272
python,linked,dataset_1000.txt,1000,4,traverse,30083,5,494272
python,linked,dataset_1000.txt,1000,5,insert,107208,5,494272
python,linked,dataset_1000.txt,1000,5,search,234916,5,494272
python,linked,dataset_1000.txt,1000,5,delete,173791,5,494272
python,linked,dataset_1000.txt,1000,5,traverse,29917,5,494272
python,linked,dataset_1000.txt,1000,6,insert,103209,5,494272
python,linked,dataset_1000.txt,1000,6,search,237625,5,494272
python,linked,dataset_1000.txt,1000,6,delete,173458,5,494272
python,linked,dataset_1000.txt,1000,6,traverse,30875,5,494272
python,linked,dataset_1000.txt,1000,7,insert,105208,5,494272
python,linked,dataset_1000.txt,1000,7,search,240917,5,494272
python,linked,dataset_1000.txt,1000,7,delete,172042,5,494272
python,linked,dataset_1000.txt,1000,7,traverse,30542,5,494272
python,linked,dataset_1000.txt,1000,8,insert,107250,5,494272
python,linked,dataset_1000.txt,1000,8,search,237459,5,494272
python,linked,dataset_1000.txt,1000,8,delete,173916,5,494272
python,linked,dataset_1000.txt,1000,8,traverse,30000,5,494272
python,linked,dataset_1000.txt,1000,9,insert,103625,5,494272
python,linked,dataset_1000.txt,1000,9,search,235458,5,494272
python,linked,dataset_1000.txt,1000,9,delete,172709,5,494272
python,linked,dataset_1000.txt,1000,9,traverse,31083,5,494272
cpp,array,dataset_25000.txt,25000,0,insert,6834,125,309399781
cpp,array,dataset_25000.txt,25000,0,search,1425416,125,309399781
cpp,array,dataset_25000.txt,25000,0,delete,1071542,125,309399781
cpp,array,dataset_25000.txt,25000,0,traverse,958,125,309399781
cpp,array,dataset_25000.txt,25000,1,insert,5959,125,309399781
cpp,array,dataset_25000.txt,25000,1,search,1422083,125,309399781
cpp,array,dataset_25000.txt,25000,1,delete,1071667,125,309399781
cpp,array,dataset_25000.txt,25000,1,traverse,916,125,309399781
cpp,array,dataset_25000.txt,25000,2,insert,5917,125,309399781
cpp,array,dataset_25000.txt,25000,2,search,1425125,125,309399781
cpp,array,dataset_25000.txt,25000,2,delete,1068500,125,309399781
cpp,array,dataset_25000.txt,25000,2,traverse,958,125,309399781
cpp,array,dataset_25000.txt,25000,3,insert,9208,125,309399781
cpp,array,dataset_25000.txt,25000,3,search,1443333,125,309399781
cpp,array,dataset_25000.txt,25000,3,delete,1071584,125,309399781
cpp,array,dataset_25000.txt,25000,3,traverse,958,125,309399781
cpp,array,dataset_25000.txt,25000,4,insert,6291,125,309399781
cpp,array,dataset_25000.txt,25000,4,search,1428500,125,309399781
cpp,array,dataset_25000.txt,25000,4,delete,1068583,125,309399781
cpp,array,dataset_25000.txt,25000,4,traverse,959,125,309399781
cpp,array,dataset_25000.txt,25000,5,insert,7584,125,309399781
cpp,array,dataset_25000.txt,25000,5,search,1425041,125,309399781
cpp,array,dataset_25000.txt,25000,5,delete,1068500,125,309399781
cpp,array,dataset_25000.txt,25000,5,traverse,917,125,309399781
cpp,array,dataset_25000.txt,25000,6,insert,7625,125,309399781
cpp,array,dataset_25000.txt,25000,6,search,1424333,125,309399781
cpp,array,dataset_25000.txt,25000,6,delete,1071667,125,309399781
cpp,array,dataset_25000.txt,25000,6,traverse,958,125,309399781
cpp,array,dataset_25000.txt,25000,7,insert,6083,125,309399781
cpp,array,dataset_25000.txt,25000,7,search,1425083,125,309399781
cpp,array,dataset_25000.txt,25000,7,delete,1071875,125,309399781
cpp,array,dataset_25000.txt,25000,7,traverse,916,125,309399781
cpp,array,dataset_25000.txt,25000,8,insert,5958,125,309399781
cpp,array,dataset_25000.txt,25000,8,search,1435958,125,309399781
cpp,array,dataset_25000.txt,25000,8,delete,1109417,125,309399781
cpp,array,dataset_25000.txt,25000,8,traverse,958,125,309399781
cpp,array,dataset_25000.txt,25000,9,insert,7625,125,309399781
cpp,array,dataset_25000.txt,25000,9,search,1447083,125,309399781
cpp,array,dataset_25000.txt,25000,9,delete,1101375,125,309399781
cpp,array,dataset_25000.txt,25000,9,traverse,958,125,309399781
cpp,hash,dataset_1000.txt,1000,0,insert,15334,5,494272
cpp,hash,dataset_1000.txt,1000,0,search,0,5,494272
cpp,hash,dataset_1000.txt,1000,0,delete,292,5,494272
cpp,hash,dataset_1000.txt,1000,0,traverse,1000,5,494272
cpp,hash,dataset_1000.txt,1000,1,insert,15125,5,494272
cpp,hash,dataset_1000.txt,1000,1,search,42,5,494272
cpp,hash,dataset_1000.txt,1000,1,delete,208,5,494272
cpp,hash,dataset_1000.txt,1000,1,traverse,917,5,494272
cpp,hash,dataset_1000.txt,1000,2,insert,15083,5,494272
cpp,hash,dataset_1000.txt,1000,2,search,0,5,494272
cpp,hash,dataset_1000.txt,1000,2,delete,208,5,494272
cpp,hash,dataset_1000.txt,1000,2,traverse,917,5,494272
cpp,hash,dataset_1000.txt,1000,3,insert,15125,5,494272
cpp,hash,dataset_1000.txt,1000,3,search,0,5,494272
cpp,hash,dataset_1000.txt,1000,3,delete,167,5,494272
cpp,hash,dataset_1000.txt,1000,3,traverse,958,5,494272
cpp,hash,dataset_1000.txt,1000,4,insert,15125,5,494272
cpp,hash,dataset_1000.txt,1000,4,search,41,5,494272
cpp,hash,dataset_1000.txt,1000,4,delete,167,5,494272
cpp,hash,dataset_1000.txt,1000,4,traverse,958,5,494272
cpp,hash,dataset_1000.txt,1000,5,insert,15708,5,494272
cpp,hash,dataset_1000.txt,1000,5,search,42,5,494272
cpp,hash,dataset_1000.txt,1000,5,delete,167,5,494272
cpp,hash,dataset_1000.txt,1000,5,traverse,959,5,494272
cpp,hash,dataset_1000.txt,1000,6,insert,15291,5,494272
cpp,hash,dataset_1000.txt,1000,6,search,0,5,494272
cpp,hash,dataset_1000.txt,1000,6,delete,208,5,494272
cpp,hash,dataset_1000.txt,1000,6,traverse,959,5,494272
cpp,hash,dataset_1000.txt,1000,7,insert,15167,5,494272
cpp,hash,dataset_1000.txt,1000,7,search,0,5,494272
cpp,hash,dataset_1000.txt,1000,7,delete,250,5,494272
cpp,hash,dataset_1000.txt,1000,7,traverse,959,5,494272
cpp,hash,dataset_1000.txt,1000,8,insert,15417,5,494272
cpp,hash,dataset_1000.txt,1000,8,search,0,5,494272
cpp,hash,dataset_1000.txt,1000,8,delete,208,5,494272
cpp,hash,dataset_1000.txt,1000,8,traverse,958,5,494272
cpp,hash,dataset_1000.txt,1000,9,insert,15125,5,494272
cpp,hash,dataset_1000.txt,1000,9,search,42,5,494272
cpp,hash,dataset_1000.txt,1000,9,delete,208,5,494272
cpp,hash,dataset_1000.txt,1000,9,traverse,959,5,494272
